{
  "timestamp": "2025-10-13T13:27:30.460Z",
  "backupName": "backup_2025-10-13T13-27-28",
  "tables": [
    {
      "name": "import_customers",
      "count": 1421
    },
    {
      "name": "export_customers",
      "count": 2027
    },
    {
      "name": "export_receivers",
      "count": 2147
    },
    {
      "name": "hauliers",
      "count": 1
    },
    {
      "name": "shipping_lines",
      "count": 2
    },
    {
      "name": "clearance_agents",
      "count": 3
    },
    {
      "name": "import_shipments",
      "count": 0
    },
    {
      "name": "export_shipments",
      "count": 0
    },
    {
      "name": "custom_clearances",
      "count": 0
    },
    {
      "name": "job_file_groups",
      "count": 3
    },
    {
      "name": "messages",
      "count": 1
    },
    {
      "name": "email_contacts",
      "count": 1
    },
    {
      "name": "purchase_invoices",
      "count": 0
    },
    {
      "name": "invoices",
      "count": 0
    },
    {
      "name": "general_references",
      "count": 2
    },
    {
      "name": "settings",
      "count": 1
    },
    {
      "name": "users",
      "count": 3
    }
  ],
  "totalRecords": 5612
}